fold_id,model,split,param,n,n_goal,n_miss,auroc,auprc,balanced_acc,brier
0,majority,train,0.666667,99,66,33,0.5,0.6666666666666666,,0.22222222222222218
0,majority,val,0.666667,8,6,2,0.5,0.75,,0.19444444444444448
0,majority,test,0.666667,7,5,2,0.5,0.7142857142857143,,0.20634920634920637
1,majority,train,0.666667,96,64,32,0.5,0.6666666666666666,,0.2222222222222222
1,majority,val,0.666667,10,7,3,0.5,0.7,,0.2111111111111111
1,majority,test,0.666667,8,6,2,0.5,0.75,,0.19444444444444448
2,majority,train,0.691489,94,65,29,0.5,0.6914893617021277,,0.21333182435491171
2,majority,val,0.691489,10,5,5,0.5,0.5,,0.2866681756450883
2,majority,test,0.691489,10,7,3,0.5,0.7,,0.21007243096423722
3,majority,train,0.6875,96,66,30,0.5,0.6875,,0.21484375
3,majority,val,0.6875,8,6,2,0.5,0.75,,0.19140625
3,majority,test,0.6875,10,5,5,0.5,0.5,,0.28515625
4,majority,train,0.663265,98,65,33,0.5,0.6632653061224489,,0.22334443981674304
4,majority,val,0.663265,8,6,2,0.5,0.75,,0.19502290712203252
4,majority,test,0.663265,8,6,2,0.5,0.75,,0.19502290712203252
5,majority,train,0.670103,97,65,32,0.5,0.6701030927835051,,0.22106493782548625
5,majority,val,0.670103,9,6,3,0.5,0.6666666666666666,,0.2222340312466787
5,majority,test,0.670103,8,6,2,0.5,0.75,,0.1938835157827612
6,majority,train,0.659794,97,64,33,0.5,0.6597938144329897,,0.22446593686895522
6,majority,val,0.659794,8,7,1,0.5,0.875,,0.15568870230630247
6,majority,test,0.659794,9,6,3,0.5,0.6666666666666666,,0.22226945832004816
7,majority,train,0.639175,97,62,35,0.5,0.6391752577319587,,0.2306302476352428
7,majority,val,0.639175,9,8,1,0.5,0.8888888888888888,,0.1611223296843448
7,majority,test,0.639175,8,7,1,0.5,0.875,,0.1649883090657881
8,majority,train,0.659794,97,64,33,0.5,0.6597938144329897,,0.22446593686895527
8,majority,val,0.659794,8,5,3,0.5,0.625,,0.2355856095227973
8,majority,test,0.659794,9,8,1,0.5,0.8888888888888888,,0.1512499852387194
9,majority,train,0.68,100,68,32,0.5,0.68,,0.2176
9,majority,val,0.68,6,4,2,0.5,0.6666666666666666,,0.22240000000000001
9,majority,test,0.68,8,5,3,0.5,0.625,,0.23740000000000003
10,majority,train,0.676768,99,67,32,0.5,0.6767676767676768,,0.21875318845015815
10,majority,val,0.676768,9,6,3,0.5,0.6666666666666666,,0.22232425262728295
10,majority,test,0.676768,6,4,2,0.5,0.6666666666666666,,0.22232425262728295
11,majority,train,0.69697,99,69,30,0.5,0.696969696969697,,0.21120293847566574
11,majority,val,0.69697,6,2,4,0.5,0.3333333333333333,,0.3544536271809
11,majority,test,0.69697,9,6,3,0.5,0.6666666666666666,,0.22314049586776857
12,majority,train,0.71,100,71,29,0.5,0.71,,0.2059
12,majority,val,0.71,8,4,4,0.5,0.5,,0.29410000000000003
12,majority,test,0.71,6,2,4,0.5,0.3333333333333333,,0.36410000000000003
13,majority,train,0.686869,99,68,31,0.5,0.6868686868686869,,0.21508009386797267
13,majority,val,0.686869,7,5,2,0.5,0.7142857142857143,,0.20483332604544727
13,majority,test,0.686869,8,4,4,0.5,0.5,,0.28491990613202733
0,context_lr,train,,99,66,33,0.5635904499540864,0.6884489215020605,0.5,0.2199743426747041
0,context_lr,val,,8,6,2,0.6666666666666666,0.8734126984126984,0.5,0.1866527357068228
0,context_lr,test,,7,5,2,0.5,0.8261904761904761,0.5,0.21041917861375695
1,context_lr,train,,96,64,32,0.541748046875,0.712330426834715,0.5,0.22110362324012275
1,context_lr,val,,10,7,3,0.6190476190476191,0.827437641723356,0.5,0.20847166777530907
1,context_lr,test,,8,6,2,0.75,0.9305555555555556,0.5,0.18528943694152777
2,context_lr,train,,94,65,29,0.5904509283819629,0.7407475092310798,0.5,0.2095395426995989
2,context_lr,val,,10,5,5,0.6400000000000001,0.6433333333333334,0.5,0.30242646220252656
2,context_lr,test,,10,7,3,0.5238095238095238,0.7607709750566893,0.5,0.21056735669867405
3,context_lr,train,,96,66,30,0.584848484848485,0.7391956066597956,0.5,0.20976104577276042
3,context_lr,val,,8,6,2,0.3333333333333333,0.6968253968253968,0.5,0.2002215529200087
3,context_lr,test,,10,5,5,0.6000000000000001,0.6644444444444444,0.5,0.29703809981822854
4,context_lr,train,,98,65,33,0.5813519813519814,0.6952042946471992,0.5,0.2201791470388624
4,context_lr,val,,8,6,2,0.5833333333333334,0.8178571428571428,0.5,0.18802350981275812
4,context_lr,test,,8,6,2,0.3333333333333333,0.6968253968253968,0.5,0.2064833456381171
5,context_lr,train,,97,65,32,0.5454326923076923,0.7056455068913765,0.5,0.22011374895329266
5,context_lr,val,,9,6,3,0.6666666666666667,0.7999999999999999,0.5,0.21515558639685498
5,context_lr,test,,8,6,2,0.5,0.7345238095238095,0.5,0.1943813804161484
6,context_lr,train,,97,64,33,0.5513731060606061,0.7369762025785217,0.5,0.22236494769050474
6,context_lr,val,,8,7,1,0.5714285714285714,0.9379251700680272,0.5,0.17004439491598827
6,context_lr,test,,9,6,3,0.888888888888889,0.9484126984126984,0.5,0.2006284907901141
7,context_lr,train,,97,62,35,0.5859447004608295,0.7472631162890989,0.5714285714285714,0.2229106334746406
7,context_lr,val,,9,8,1,0.125,0.8338789682539682,0.375,0.2475935006665554
7,context_lr,test,,8,7,1,0.5714285714285714,0.9379251700680272,0.35714285714285715,0.20314021046673486
8,context_lr,train,,97,64,33,0.5707859848484849,0.7423148839285508,0.5,0.2205613123270084
8,context_lr,val,,8,5,3,0.5333333333333334,0.7295238095238095,0.5,0.23732239915032258
8,context_lr,test,,9,8,1,0.875,0.9861111111111112,0.5,0.15799788407897586
9,context_lr,train,,100,68,32,0.5629595588235294,0.7061786946963802,0.515625,0.21528444255912915
9,context_lr,val,,6,4,2,0.875,0.95,0.5,0.20283471222847882
9,context_lr,test,,8,5,3,0.4,0.6116666666666666,0.4,0.2620700940731653
10,context_lr,train,,99,67,32,0.5683302238805971,0.690848152222522,0.5,0.21526716046586516
10,context_lr,val,,9,6,3,0.22222222222222224,0.5882936507936507,0.5,0.2537714308167688
10,context_lr,test,,6,4,2,0.875,0.95,0.5,0.1909772367295024
11,context_lr,train,,99,69,30,0.6060386473429952,0.8030765350258174,0.5,0.2048153462023511
11,context_lr,val,,6,2,4,0.375,0.3666666666666667,0.5,0.40542998682718584
11,context_lr,test,,9,6,3,0.33333333333333337,0.6763888888888888,0.5,0.26003138187743613
12,context_lr,train,,100,71,29,0.6056338028169015,0.7929573969079537,0.5,0.19993887472328137
12,context_lr,val,,8,4,4,0.5625,0.75,0.5,0.3221970035002103
12,context_lr,test,,6,2,4,0.25,0.325,0.5,0.4232558160302366
13,context_lr,train,,99,68,31,0.5723434535104365,0.7266351013212491,0.5,0.2107623415290188
13,context_lr,val,,7,5,2,0.5,0.8261904761904761,0.5,0.2070909075906158
13,context_lr,test,,8,4,4,0.625,0.6083333333333333,0.5,0.29886768338600156
