path,Anger,Contempt,Disgust,Fear,Happiness,Neutral,Sadness,Surprise,pred,max_prob
C:\Users\74674\Desktop\2012 DeepLearning\Project\Penalty-shoot-and-Expression\data\faces\m001\k01.jpg,0.10995393,0.060699712,0.06880997,0.011192125,0.014441666,0.28818485,0.12563725,0.32108054,Surprise,0.32108054
C:\Users\74674\Desktop\2012 DeepLearning\Project\Penalty-shoot-and-Expression\data\faces\m001\k02.jpg,0.8534978,0.0018320794,0.04824542,0.0018607778,0.00012715392,0.006234424,0.08762919,0.00057316374,Anger,0.8534978
C:\Users\74674\Desktop\2012 DeepLearning\Project\Penalty-shoot-and-Expression\data\faces\m001\k03.jpg,0.3896933,0.0034643381,0.040075034,0.030986411,0.00063924375,0.20581561,0.26830953,0.061016493,Anger,0.3896933
C:\Users\74674\Desktop\2012 DeepLearning\Project\Penalty-shoot-and-Expression\data\faces\m001\k05.jpg,0.03565138,0.7004209,0.0064355107,0.0002374274,0.11642397,0.04867801,0.08932347,0.002829283,Contempt,0.7004209
C:\Users\74674\Desktop\2012 DeepLearning\Project\Penalty-shoot-and-Expression\data\faces\m001\k06.jpg,0.6049832,0.022667315,0.22196214,0.018875213,0.004358757,0.085593395,0.022472035,0.01908791,Anger,0.6049832
C:\Users\74674\Desktop\2012 DeepLearning\Project\Penalty-shoot-and-Expression\data\faces\m001\k07.jpg,0.019756485,0.009104199,0.00096068427,0.023685928,0.0030265446,0.41339186,0.43260697,0.09746738,Sadness,0.43260697
C:\Users\74674\Desktop\2012 DeepLearning\Project\Penalty-shoot-and-Expression\data\faces\m001\k08.jpg,0.08932733,0.0038046981,0.0010203129,0.009849521,0.006579928,0.7530656,0.12212528,0.014227237,Neutral,0.7530656
C:\Users\74674\Desktop\2012 DeepLearning\Project\Penalty-shoot-and-Expression\data\faces\m002\k01.jpg,0.29492098,0.004591602,0.038025618,0.058622677,0.00031900738,0.08764019,0.03410325,0.48177662,Surprise,0.48177662
C:\Users\74674\Desktop\2012 DeepLearning\Project\Penalty-shoot-and-Expression\data\faces\m002\k02.jpg,0.1249154,0.025759267,0.23591438,0.024470456,0.015398235,0.16890356,0.044120036,0.36051863,Surprise,0.36051863
C:\Users\74674\Desktop\2012 DeepLearning\Project\Penalty-shoot-and-Expression\data\faces\m002\k03.jpg,0.38529825,0.104445405,0.0025202713,0.0015415612,0.016738815,0.36208972,0.12297737,0.00438861,Anger,0.38529825
C:\Users\74674\Desktop\2012 DeepLearning\Project\Penalty-shoot-and-Expression\data\faces\m002\k04.jpg,0.54826325,0.007848503,0.063776754,0.12755634,0.0015479649,0.03175811,0.0078083035,0.21144076,Anger,0.54826325
C:\Users\74674\Desktop\2012 DeepLearning\Project\Penalty-shoot-and-Expression\data\faces\m002\k05.jpg,0.3262181,0.006505165,0.06582701,0.10958226,0.00085513847,0.13835394,0.18332681,0.16933155,Anger,0.3262181
C:\Users\74674\Desktop\2012 DeepLearning\Project\Penalty-shoot-and-Expression\data\faces\m002\k06.jpg,0.2709425,0.41110927,0.0024418621,0.00024212028,0.032515883,0.2712053,0.005851257,0.0056917793,Contempt,0.41110927
C:\Users\74674\Desktop\2012 DeepLearning\Project\Penalty-shoot-and-Expression\data\faces\m002\k07.jpg,0.50621504,0.016697219,0.0026310016,0.00043072406,0.003022063,0.31631723,0.14880928,0.0058774212,Anger,0.50621504
C:\Users\74674\Desktop\2012 DeepLearning\Project\Penalty-shoot-and-Expression\data\faces\m002\k08.jpg,0.6151314,0.008738311,0.058014937,0.0050536655,0.0064892177,0.087420784,0.1959379,0.023213815,Anger,0.6151314
C:\Users\74674\Desktop\2012 DeepLearning\Project\Penalty-shoot-and-Expression\data\faces\m003\k01.jpg,0.37623122,0.0064297295,0.02976317,0.054477096,0.0024383352,0.08818193,0.39038375,0.05209471,Sadness,0.39038375
C:\Users\74674\Desktop\2012 DeepLearning\Project\Penalty-shoot-and-Expression\data\faces\m003\k02.jpg,0.5297606,0.0022077896,0.06356813,0.08208088,0.003981162,0.15657443,0.12791249,0.03391451,Anger,0.5297606
C:\Users\74674\Desktop\2012 DeepLearning\Project\Penalty-shoot-and-Expression\data\faces\m003\k03.jpg,0.5011856,0.0037529406,0.027952692,0.005110659,0.0037017222,0.15318199,0.2897034,0.015410929,Anger,0.5011856
C:\Users\74674\Desktop\2012 DeepLearning\Project\Penalty-shoot-and-Expression\data\faces\m003\k04.jpg,0.5044032,0.070727155,0.018263076,0.0007625286,0.0077546844,0.16988626,0.22375165,0.0044514723,Anger,0.5044032
C:\Users\74674\Desktop\2012 DeepLearning\Project\Penalty-shoot-and-Expression\data\faces\m003\k05.jpg,0.08457313,0.033938706,0.004934151,0.00520606,0.04670853,0.6845734,0.09930938,0.040756628,Neutral,0.6845734
C:\Users\74674\Desktop\2012 DeepLearning\Project\Penalty-shoot-and-Expression\data\faces\m003\k06.jpg,0.61569124,0.021130107,0.01727235,0.008392291,0.009478365,0.22019294,0.09443142,0.013411299,Anger,0.61569124
C:\Users\74674\Desktop\2012 DeepLearning\Project\Penalty-shoot-and-Expression\data\faces\m003\k07.jpg,0.6054818,0.077451624,0.03244208,0.006628396,0.013225727,0.17044018,0.07700488,0.01732533,Anger,0.6054818
C:\Users\74674\Desktop\2012 DeepLearning\Project\Penalty-shoot-and-Expression\data\faces\m003\k08.jpg,0.81190944,0.010408493,0.0445532,0.0015697114,0.00018305282,0.073240235,0.054459915,0.0036759041,Anger,0.81190944
C:\Users\74674\Desktop\2012 DeepLearning\Project\Penalty-shoot-and-Expression\data\faces\m003\k09.jpg,0.22974172,0.008108374,0.6665099,0.019084377,0.0015093501,0.019729264,0.044009563,0.0113073345,Disgust,0.6665099
C:\Users\74674\Desktop\2012 DeepLearning\Project\Penalty-shoot-and-Expression\data\faces\m003\k10.jpg,0.6789747,0.0020878208,0.02405328,0.006768625,0.0006979366,0.08237993,0.20093666,0.004101031,Anger,0.6789747
C:\Users\74674\Desktop\2012 DeepLearning\Project\Penalty-shoot-and-Expression\data\faces\m004\k01.jpg,0.1648823,0.0055959513,0.0151737165,0.02377454,0.009094025,0.6079503,0.11074471,0.06278443,Neutral,0.6079503
C:\Users\74674\Desktop\2012 DeepLearning\Project\Penalty-shoot-and-Expression\data\faces\m004\k02.jpg,0.2613698,0.0012308732,0.02503364,0.08633338,0.013273498,0.37143996,0.10756701,0.13375187,Neutral,0.37143996
C:\Users\74674\Desktop\2012 DeepLearning\Project\Penalty-shoot-and-Expression\data\faces\m004\k03.jpg,0.29128516,0.008018808,0.08428009,0.0807909,0.009249745,0.27329642,0.20134765,0.051731203,Anger,0.29128516
C:\Users\74674\Desktop\2012 DeepLearning\Project\Penalty-shoot-and-Expression\data\faces\m004\k04.jpg,0.03302869,0.45497367,0.015989315,0.00017734637,0.44518983,0.036665674,0.005562497,0.00841286,Contempt,0.45497367
C:\Users\74674\Desktop\2012 DeepLearning\Project\Penalty-shoot-and-Expression\data\faces\m004\k05.jpg,0.14902204,0.0024306662,0.0030984376,0.0048473813,0.022528052,0.7471017,0.055172067,0.015799554,Neutral,0.7471017
C:\Users\74674\Desktop\2012 DeepLearning\Project\Penalty-shoot-and-Expression\data\faces\m004\k06.jpg,0.6159219,0.06399296,0.06855233,0.009830509,0.017266376,0.13404891,0.07962454,0.010762438,Anger,0.6159219
C:\Users\74674\Desktop\2012 DeepLearning\Project\Penalty-shoot-and-Expression\data\faces\m004\k07.jpg,0.23220389,0.020920262,0.032050785,0.007834841,0.0049620913,0.08891225,0.6084023,0.0047135437,Sadness,0.6084023
C:\Users\74674\Desktop\2012 DeepLearning\Project\Penalty-shoot-and-Expression\data\faces\m004\k08.jpg,0.72433317,0.015712004,0.0028874874,0.0008274404,0.0010457104,0.10609396,0.14844297,0.000657306,Anger,0.72433317
C:\Users\74674\Desktop\2012 DeepLearning\Project\Penalty-shoot-and-Expression\data\faces\m004\k09.jpg,0.8468423,0.028647471,0.01064236,0.004104255,0.0008282418,0.041544687,0.063821055,0.0035696104,Anger,0.8468423
C:\Users\74674\Desktop\2012 DeepLearning\Project\Penalty-shoot-and-Expression\data\faces\m004\k10.jpg,0.04134062,0.14844671,0.13414912,0.20496453,0.10879159,0.10401723,0.09225108,0.16603914,Fear,0.20496453
C:\Users\74674\Desktop\2012 DeepLearning\Project\Penalty-shoot-and-Expression\data\faces\m005\k01.jpg,0.8257115,0.0070132175,0.09205369,0.0041939924,0.00034442724,0.024481036,0.045226514,0.0009755845,Anger,0.8257115
C:\Users\74674\Desktop\2012 DeepLearning\Project\Penalty-shoot-and-Expression\data\faces\m005\k02.jpg,0.6337751,0.11116185,0.10018866,0.0044121845,0.022955948,0.0957009,0.02743532,0.004370119,Anger,0.6337751
C:\Users\74674\Desktop\2012 DeepLearning\Project\Penalty-shoot-and-Expression\data\faces\m005\k03.jpg,0.5559341,0.025068441,0.085277565,0.0032427935,0.009398317,0.15588906,0.16314068,0.0020490305,Anger,0.5559341
C:\Users\74674\Desktop\2012 DeepLearning\Project\Penalty-shoot-and-Expression\data\faces\m005\k04.jpg,0.37048265,0.0069335895,0.058990218,0.0072514173,0.011155407,0.4247263,0.10374907,0.016711347,Neutral,0.4247263
C:\Users\74674\Desktop\2012 DeepLearning\Project\Penalty-shoot-and-Expression\data\faces\m005\k05.jpg,0.82920367,0.02835542,0.0069558555,0.0012987853,0.0031511416,0.054227505,0.07535348,0.0014540941,Anger,0.82920367
C:\Users\74674\Desktop\2012 DeepLearning\Project\Penalty-shoot-and-Expression\data\faces\m005\k06.jpg,0.7190148,0.028173888,0.07052269,0.01784386,0.003972004,0.072157264,0.08226401,0.0060514733,Anger,0.7190148
C:\Users\74674\Desktop\2012 DeepLearning\Project\Penalty-shoot-and-Expression\data\faces\m005\k07.jpg,0.68815297,0.08778363,0.008063635,0.0056037162,0.029391259,0.12455433,0.052538548,0.0039120335,Anger,0.68815297
C:\Users\74674\Desktop\2012 DeepLearning\Project\Penalty-shoot-and-Expression\data\faces\m005\k08.jpg,0.34020573,0.0052671684,0.45057467,0.026706588,0.0027976374,0.05838799,0.10947426,0.006585989,Disgust,0.45057467
C:\Users\74674\Desktop\2012 DeepLearning\Project\Penalty-shoot-and-Expression\data\faces\m006\k01.jpg,0.36860168,0.06371095,0.14197968,0.015062274,0.050930128,0.22790167,0.066191964,0.06562165,Anger,0.36860168
C:\Users\74674\Desktop\2012 DeepLearning\Project\Penalty-shoot-and-Expression\data\faces\m006\k02.jpg,0.46470875,0.0018381664,0.0053638387,0.023760263,0.00068464305,0.0651735,0.42303142,0.015439386,Anger,0.46470875
C:\Users\74674\Desktop\2012 DeepLearning\Project\Penalty-shoot-and-Expression\data\faces\m006\k03.jpg,0.24573337,0.009328846,0.17994165,0.17917149,0.005267752,0.11225794,0.099069536,0.16922946,Anger,0.24573337
C:\Users\74674\Desktop\2012 DeepLearning\Project\Penalty-shoot-and-Expression\data\faces\m006\k04.jpg,0.3334351,0.029422214,0.43895626,0.015046372,0.01012361,0.029876985,0.13465106,0.008488384,Disgust,0.43895626
C:\Users\74674\Desktop\2012 DeepLearning\Project\Penalty-shoot-and-Expression\data\faces\m006\k05.jpg,0.36613336,0.020168148,0.0073300274,0.058698308,0.0014876126,0.32892567,0.11914421,0.09811271,Anger,0.36613336
C:\Users\74674\Desktop\2012 DeepLearning\Project\Penalty-shoot-and-Expression\data\faces\m006\k06.jpg,0.2643682,0.0045741443,0.043372806,0.033193026,0.0032736312,0.20621726,0.4237986,0.021202292,Sadness,0.4237986
C:\Users\74674\Desktop\2012 DeepLearning\Project\Penalty-shoot-and-Expression\data\faces\m006\k07.jpg,0.6257856,0.027079284,0.013544647,0.00055445463,0.0070570335,0.25725728,0.058446713,0.010275041,Anger,0.6257856
C:\Users\74674\Desktop\2012 DeepLearning\Project\Penalty-shoot-and-Expression\data\faces\m006\k09.jpg,0.34589982,0.00027301436,0.060893398,0.0019724611,0.00035342274,0.16292937,0.4184556,0.00922294,Sadness,0.4184556
C:\Users\74674\Desktop\2012 DeepLearning\Project\Penalty-shoot-and-Expression\data\faces\m007\k01.jpg,0.37809175,0.29411417,0.02688226,0.0016447937,0.026509663,0.07247325,0.19830826,0.001975843,Anger,0.37809175
C:\Users\74674\Desktop\2012 DeepLearning\Project\Penalty-shoot-and-Expression\data\faces\m007\k02.jpg,0.033949748,0.00054072146,0.0009160341,0.42757905,0.0020403573,0.007440465,0.51097155,0.016562056,Sadness,0.51097155
C:\Users\74674\Desktop\2012 DeepLearning\Project\Penalty-shoot-and-Expression\data\faces\m007\k03.jpg,0.62343407,0.0007403636,0.018161047,0.0027051973,7.737562e-05,0.06390481,0.28739378,0.0035833765,Anger,0.62343407
C:\Users\74674\Desktop\2012 DeepLearning\Project\Penalty-shoot-and-Expression\data\faces\m007\k04.jpg,0.5062787,0.00465943,0.004615786,0.017061835,0.0024316455,0.072938606,0.3838201,0.008193853,Anger,0.5062787
C:\Users\74674\Desktop\2012 DeepLearning\Project\Penalty-shoot-and-Expression\data\faces\m007\k05.jpg,0.4027073,0.0026123505,0.02430093,0.012884163,0.0019807445,0.16154625,0.38148594,0.012482317,Anger,0.4027073
C:\Users\74674\Desktop\2012 DeepLearning\Project\Penalty-shoot-and-Expression\data\faces\m007\k06.jpg,0.28582668,0.08157933,0.16601847,0.011039694,0.041569628,0.06823622,0.33605888,0.009671124,Sadness,0.33605888
C:\Users\74674\Desktop\2012 DeepLearning\Project\Penalty-shoot-and-Expression\data\faces\m007\k07.jpg,0.19016585,0.15953514,0.08066513,0.02503812,0.06340739,0.34078985,0.06633889,0.07405965,Neutral,0.34078985
C:\Users\74674\Desktop\2012 DeepLearning\Project\Penalty-shoot-and-Expression\data\faces\m007\k08.jpg,0.019211248,0.0017367599,0.0060021305,0.24128169,0.0017270515,0.017957967,0.63671845,0.07536472,Sadness,0.63671845
C:\Users\74674\Desktop\2012 DeepLearning\Project\Penalty-shoot-and-Expression\data\faces\m007\k09.jpg,0.8302581,0.009371136,0.00999026,0.005769537,0.0029080675,0.04188594,0.075786814,0.024030203,Anger,0.8302581
C:\Users\74674\Desktop\2012 DeepLearning\Project\Penalty-shoot-and-Expression\data\faces\m008\k01.jpg,0.08417722,0.12751292,0.00012928351,0.0003084458,0.008278134,0.6194803,0.15795408,0.0021596267,Neutral,0.6194803
C:\Users\74674\Desktop\2012 DeepLearning\Project\Penalty-shoot-and-Expression\data\faces\m008\k02.jpg,0.19915618,0.30633792,0.0071088444,0.002673052,0.08885413,0.2500971,0.10286626,0.04290653,Contempt,0.30633792
C:\Users\74674\Desktop\2012 DeepLearning\Project\Penalty-shoot-and-Expression\data\faces\m008\k03.jpg,0.16757421,0.012922515,0.049019285,0.03150716,0.012006395,0.5386251,0.1264724,0.06187288,Neutral,0.5386251
C:\Users\74674\Desktop\2012 DeepLearning\Project\Penalty-shoot-and-Expression\data\faces\m008\k04.jpg,0.8129141,0.0120811025,0.003582979,0.00022383711,0.0012329246,0.02630551,0.14246926,0.0011904128,Anger,0.8129141
C:\Users\74674\Desktop\2012 DeepLearning\Project\Penalty-shoot-and-Expression\data\faces\m008\k06.jpg,0.06244701,0.008023147,0.009207293,0.3448893,0.009326427,0.10484881,0.046668086,0.41458994,Surprise,0.41458994
C:\Users\74674\Desktop\2012 DeepLearning\Project\Penalty-shoot-and-Expression\data\faces\m008\k07.jpg,0.415782,0.19227536,0.0020459036,0.00044168765,0.017765265,0.2767124,0.07474126,0.020236114,Anger,0.415782
C:\Users\74674\Desktop\2012 DeepLearning\Project\Penalty-shoot-and-Expression\data\faces\m008\k08.jpg,0.3454924,0.015650725,0.002730336,0.0049802107,0.0036361371,0.421473,0.2014037,0.0046335617,Neutral,0.421473
C:\Users\74674\Desktop\2012 DeepLearning\Project\Penalty-shoot-and-Expression\data\faces\m008\k09.jpg,0.09285697,0.13752335,0.019866379,0.010299961,0.04868547,0.5350218,0.08379238,0.07195369,Neutral,0.5350218
C:\Users\74674\Desktop\2012 DeepLearning\Project\Penalty-shoot-and-Expression\data\faces\m009\k01.jpg,0.53712696,0.050692234,0.0025574758,0.009974914,0.001459282,0.13850585,0.24982046,0.00986285,Anger,0.53712696
C:\Users\74674\Desktop\2012 DeepLearning\Project\Penalty-shoot-and-Expression\data\faces\m009\k02.jpg,0.03321989,0.004559558,0.002964378,0.0005287338,0.0011916487,0.1760229,0.7615445,0.019968336,Sadness,0.7615445
C:\Users\74674\Desktop\2012 DeepLearning\Project\Penalty-shoot-and-Expression\data\faces\m009\k03.jpg,0.20234564,0.0036225824,0.14266764,0.007282229,0.0018995297,0.13356611,0.027393145,0.48122317,Surprise,0.48122317
C:\Users\74674\Desktop\2012 DeepLearning\Project\Penalty-shoot-and-Expression\data\faces\m009\k04.jpg,0.77954316,0.09377437,0.0055576437,5.687822e-05,0.009042004,0.081085674,0.030459413,0.00048086414,Anger,0.77954316
C:\Users\74674\Desktop\2012 DeepLearning\Project\Penalty-shoot-and-Expression\data\faces\m009\k05.jpg,0.45664904,0.008687955,0.2585436,0.01940296,0.0011918661,0.14136606,0.08821242,0.02594613,Anger,0.45664904
C:\Users\74674\Desktop\2012 DeepLearning\Project\Penalty-shoot-and-Expression\data\faces\m009\k06.jpg,0.41332558,0.078117296,0.0036465663,0.0006081065,0.019000005,0.3686128,0.11427354,0.0024161844,Anger,0.41332558
C:\Users\74674\Desktop\2012 DeepLearning\Project\Penalty-shoot-and-Expression\data\faces\m009\k07.jpg,0.871545,0.016384097,0.033985544,0.0012888974,0.0020074353,0.025056453,0.04827529,0.0014572314,Anger,0.871545
C:\Users\74674\Desktop\2012 DeepLearning\Project\Penalty-shoot-and-Expression\data\faces\m009\k08.jpg,0.24406739,0.046364736,0.0040904665,0.0008088078,0.007931028,0.39250562,0.2913146,0.0129173305,Neutral,0.39250562
C:\Users\74674\Desktop\2012 DeepLearning\Project\Penalty-shoot-and-Expression\data\faces\m009\k09.jpg,0.6127201,0.004876975,0.00409318,0.0026262891,0.00053452555,0.14960645,0.21919471,0.006347703,Anger,0.6127201
C:\Users\74674\Desktop\2012 DeepLearning\Project\Penalty-shoot-and-Expression\data\faces\m010\k01.jpg,0.8525417,0.0030585944,0.0017226143,0.0018831607,0.00013287137,0.10514837,0.034224015,0.0012887059,Anger,0.8525417
C:\Users\74674\Desktop\2012 DeepLearning\Project\Penalty-shoot-and-Expression\data\faces\m010\k03.jpg,0.30791172,0.010111313,0.014846218,0.01211518,0.002114214,0.36048883,0.25263926,0.03977329,Neutral,0.36048883
C:\Users\74674\Desktop\2012 DeepLearning\Project\Penalty-shoot-and-Expression\data\faces\m010\k05.jpg,0.46053672,0.21194322,0.0013068215,0.0008304224,0.0039244522,0.18409476,0.12330294,0.014060679,Anger,0.46053672
C:\Users\74674\Desktop\2012 DeepLearning\Project\Penalty-shoot-and-Expression\data\faces\m010\k06.jpg,0.10833491,0.03682792,0.0582291,0.082481995,0.03376816,0.19212535,0.15583712,0.3323954,Surprise,0.3323954
C:\Users\74674\Desktop\2012 DeepLearning\Project\Penalty-shoot-and-Expression\data\faces\m010\k07.jpg,0.29978976,0.0049327565,0.026924375,0.10114408,0.004610082,0.1227418,0.36616623,0.073690884,Sadness,0.36616623
C:\Users\74674\Desktop\2012 DeepLearning\Project\Penalty-shoot-and-Expression\data\faces\m010\k08.jpg,0.50038916,0.0023475995,0.10383644,0.07862651,0.0003332229,0.12729047,0.13331996,0.053856615,Anger,0.50038916
C:\Users\74674\Desktop\2012 DeepLearning\Project\Penalty-shoot-and-Expression\data\faces\m010\k09.jpg,0.54347605,0.0033783931,0.0021069327,0.0009241013,0.0012667212,0.06505771,0.38220188,0.0015881938,Anger,0.54347605
C:\Users\74674\Desktop\2012 DeepLearning\Project\Penalty-shoot-and-Expression\data\faces\m010\k10.jpg,0.09771666,0.0010425847,0.009971834,0.34520435,0.00045499587,0.026333684,0.008229275,0.5110466,Surprise,0.5110466
C:\Users\74674\Desktop\2012 DeepLearning\Project\Penalty-shoot-and-Expression\data\faces\m011\k01.jpg,0.2318638,0.06948715,0.0062461556,0.0012890139,0.004459701,0.1501672,0.5323822,0.004104799,Sadness,0.5323822
C:\Users\74674\Desktop\2012 DeepLearning\Project\Penalty-shoot-and-Expression\data\faces\m011\k02.jpg,0.6962002,0.08520828,0.0015739653,0.0016454448,0.0042120875,0.17966326,0.019738298,0.011758426,Anger,0.6962002
C:\Users\74674\Desktop\2012 DeepLearning\Project\Penalty-shoot-and-Expression\data\faces\m011\k03.jpg,0.78378224,0.01455463,0.0015834051,0.0022042266,0.00037820532,0.08991562,0.10079458,0.0067871525,Anger,0.78378224
C:\Users\74674\Desktop\2012 DeepLearning\Project\Penalty-shoot-and-Expression\data\faces\m011\k04.jpg,0.80024683,0.06314805,0.0020474587,0.0009386902,0.0023886727,0.09208276,0.036476783,0.0026708199,Anger,0.80024683
C:\Users\74674\Desktop\2012 DeepLearning\Project\Penalty-shoot-and-Expression\data\faces\m011\k06.jpg,0.52686507,0.013708282,0.092489436,0.014030516,0.0024855358,0.15113023,0.18852721,0.01076363,Anger,0.52686507
C:\Users\74674\Desktop\2012 DeepLearning\Project\Penalty-shoot-and-Expression\data\faces\m011\k08.jpg,0.695422,0.17637491,0.0024837628,0.00038481085,0.0061697406,0.09758104,0.019029357,0.00255431,Anger,0.695422
C:\Users\74674\Desktop\2012 DeepLearning\Project\Penalty-shoot-and-Expression\data\faces\m012\k01.jpg,0.26189777,0.0023298056,0.004734725,0.007441356,0.00030571243,0.24025568,0.45996875,0.023066204,Sadness,0.45996875
C:\Users\74674\Desktop\2012 DeepLearning\Project\Penalty-shoot-and-Expression\data\faces\m012\k02.jpg,0.44719437,0.028163573,0.0223166,0.011065401,0.0028409874,0.31338936,0.13933271,0.035697035,Anger,0.44719437
C:\Users\74674\Desktop\2012 DeepLearning\Project\Penalty-shoot-and-Expression\data\faces\m012\k03.jpg,0.29333335,0.107469745,0.19011384,0.009660891,0.073464386,0.10661922,0.19470078,0.024637775,Anger,0.29333335
C:\Users\74674\Desktop\2012 DeepLearning\Project\Penalty-shoot-and-Expression\data\faces\m012\k05.jpg,0.6461098,0.018206809,0.011500975,0.0016494271,0.005220414,0.2588824,0.033932306,0.02449776,Anger,0.6461098
C:\Users\74674\Desktop\2012 DeepLearning\Project\Penalty-shoot-and-Expression\data\faces\m012\k06.jpg,0.37340322,0.039347365,0.076475434,0.019561589,0.0067895474,0.32091,0.08442878,0.07908413,Anger,0.37340322
C:\Users\74674\Desktop\2012 DeepLearning\Project\Penalty-shoot-and-Expression\data\faces\m012\k07.jpg,0.30384663,0.018735414,0.12893362,0.03906783,0.00435347,0.15574016,0.103879005,0.2454439,Anger,0.30384663
C:\Users\74674\Desktop\2012 DeepLearning\Project\Penalty-shoot-and-Expression\data\faces\m012\k08.jpg,0.3576993,0.0141048245,0.0027983675,0.0013788472,0.0011651099,0.21991299,0.39655584,0.0063847476,Sadness,0.39655584
C:\Users\74674\Desktop\2012 DeepLearning\Project\Penalty-shoot-and-Expression\data\faces\m012\k09.jpg,0.23761664,0.062189188,0.068545535,0.03557442,0.05214659,0.36481276,0.15676285,0.022352003,Neutral,0.36481276
C:\Users\74674\Desktop\2012 DeepLearning\Project\Penalty-shoot-and-Expression\data\faces\m012\k10.jpg,0.8566438,0.009583357,0.061124023,0.012363111,0.00077401014,0.02780291,0.028365342,0.0033434993,Anger,0.8566438
C:\Users\74674\Desktop\2012 DeepLearning\Project\Penalty-shoot-and-Expression\data\faces\m013\k02.jpg,0.6750691,0.0645849,0.0031912648,0.0013420404,0.0064387014,0.21101454,0.028047487,0.010311973,Anger,0.6750691
C:\Users\74674\Desktop\2012 DeepLearning\Project\Penalty-shoot-and-Expression\data\faces\m013\k03.jpg,0.30238417,0.031645153,0.021247182,0.0016834564,0.028311437,0.5490389,0.058192007,0.00749784,Neutral,0.5490389
C:\Users\74674\Desktop\2012 DeepLearning\Project\Penalty-shoot-and-Expression\data\faces\m013\k04.jpg,0.37107402,0.24161574,0.034182657,0.0062781773,0.013496859,0.18127345,0.12503359,0.027045462,Anger,0.37107402
C:\Users\74674\Desktop\2012 DeepLearning\Project\Penalty-shoot-and-Expression\data\faces\m013\k05.jpg,0.6734411,0.0054425807,0.050872725,0.0144738685,0.0012233481,0.10968866,0.056126036,0.08873164,Anger,0.6734411
C:\Users\74674\Desktop\2012 DeepLearning\Project\Penalty-shoot-and-Expression\data\faces\m013\k06.jpg,0.6428891,0.019113434,0.02477387,0.0024678637,0.00042526747,0.19443153,0.09424219,0.021656804,Anger,0.6428891
C:\Users\74674\Desktop\2012 DeepLearning\Project\Penalty-shoot-and-Expression\data\faces\m013\k07.jpg,0.32652906,0.028989958,0.1389056,0.035200726,0.0021134499,0.087434046,0.33796677,0.04286039,Sadness,0.33796677
C:\Users\74674\Desktop\2012 DeepLearning\Project\Penalty-shoot-and-Expression\data\faces\m014\k01.jpg,0.27223343,0.0013244093,0.016397897,0.025482725,0.0050637857,0.10664256,0.55950356,0.013351601,Sadness,0.55950356
C:\Users\74674\Desktop\2012 DeepLearning\Project\Penalty-shoot-and-Expression\data\faces\m014\k02.jpg,0.25278497,0.04130507,0.13583168,0.00544138,0.024150126,0.4202512,0.09987518,0.020360429,Neutral,0.4202512
C:\Users\74674\Desktop\2012 DeepLearning\Project\Penalty-shoot-and-Expression\data\faces\m014\k03.jpg,0.42877302,0.0011792388,0.0028764806,0.0433895,0.0004504703,0.23474923,0.2348339,0.053748168,Anger,0.42877302
C:\Users\74674\Desktop\2012 DeepLearning\Project\Penalty-shoot-and-Expression\data\faces\m014\k04.jpg,0.29157746,0.062093787,0.014623171,0.010564117,0.051386014,0.44756648,0.10665619,0.015532725,Neutral,0.44756648
C:\Users\74674\Desktop\2012 DeepLearning\Project\Penalty-shoot-and-Expression\data\faces\m014\k05.jpg,0.0067778504,2.9649627e-05,0.0050323578,0.08517105,0.00020088027,0.0027259802,0.8993609,0.0007012972,Sadness,0.8993609
C:\Users\74674\Desktop\2012 DeepLearning\Project\Penalty-shoot-and-Expression\data\faces\m014\k06.jpg,0.82810616,0.0052369772,0.011488856,0.0035478915,0.003502665,0.05274731,0.08961771,0.0057524457,Anger,0.82810616
C:\Users\74674\Desktop\2012 DeepLearning\Project\Penalty-shoot-and-Expression\data\faces\m014\k07.jpg,0.8278052,0.025642155,0.0042458223,0.010167303,0.009827613,0.09988648,0.009847258,0.012578222,Anger,0.8278052
C:\Users\74674\Desktop\2012 DeepLearning\Project\Penalty-shoot-and-Expression\data\faces\m014\k08.jpg,0.2821416,0.03325695,0.013348137,0.0037059563,0.0058238665,0.35929894,0.29071316,0.011711367,Neutral,0.35929894
