match_id,kick_seq,contact_time_s,face_closeup_s,clip_start_s,clip_end_s,clip_duration_s,mode,status
m001,k01,28.56,8.48,0.48,14.48,14.00,closeup,ok
m001,k02,75.20,50.28,42.28,56.28,14.00,closeup,ok
m001,k03,112.36,106.84,98.84,111.86,13.00,closeup,ok
m001,k04,152.48,,112.36,151.98,39.60,fallback,ok
m001,k05,211.36,182.04,174.04,188.04,14.00,closeup,ok
m001,k06,255.88,247.68,239.68,253.68,14.00,closeup,ok
m001,k07,306.04,298.28,290.28,304.28,14.00,closeup,ok
m001,k08,351.80,345.92,337.92,351.30,13.36,closeup,ok
m002,k01,15.84,12.28,4.28,15.34,11.08,closeup,ok
m002,k02,60.32,49.52,41.52,55.52,14.00,closeup,ok
m002,k03,111.32,106.48,98.48,110.82,12.32,closeup,ok
m002,k04,150.16,145.52,137.52,149.66,12.12,closeup,ok
m002,k05,198.72,188.20,180.20,194.20,14.00,closeup,ok
m002,k06,242.04,233.00,225.00,239.00,14.00,closeup,ok
m002,k07,286.72,276.88,268.88,282.88,14.00,closeup,ok
m002,k08,334.56,321.84,313.84,327.84,14.04,closeup,ok
m003,k01,54.60,40.92,32.92,46.92,14.00,closeup,ok
m003,k02,98.24,90.68,82.68,96.68,14.00,closeup,ok
m003,k03,142.20,133.96,125.96,139.96,14.00,closeup,ok
m003,k04,182.80,165.12,157.12,171.12,14.00,closeup,ok
m003,k05,224.60,212.88,204.88,218.88,14.00,closeup,ok
m003,k06,267.20,258.40,250.40,264.40,14.00,closeup,ok
m003,k07,316.24,303.24,295.24,309.24,14.00,closeup,ok
m003,k08,361.40,353.64,345.64,359.64,14.00,closeup,ok
m003,k09,406.32,392.92,384.92,398.92,14.00,closeup,ok
m003,k10,453.68,438.16,430.16,444.16,14.00,closeup,ok
m004,k01,56.12,45.80,37.80,51.80,14.04,closeup,ok
m004,k02,105.80,81.36,73.36,87.36,14.00,closeup,ok
m004,k03,161.08,148.84,140.84,154.84,14.00,closeup,ok
m004,k04,205.00,184.16,176.16,190.16,14.00,closeup,ok
m004,k05,258.32,243.84,235.84,249.84,14.00,closeup,ok
m004,k06,305.28,301.28,293.28,304.78,11.52,closeup,ok
m004,k07,355.84,347.16,339.16,353.16,14.00,closeup,ok
m004,k08,424.36,414.24,406.24,420.24,14.00,closeup,ok
m004,k09,476.40,452.84,444.84,458.84,14.00,closeup,ok
m004,k10,533.52,516.12,508.12,522.12,14.00,closeup,ok
m005,k01,35.97,32.23,24.23,35.47,11.24,closeup,ok
m005,k02,92.26,86.15,78.15,91.76,13.61,closeup,ok
m005,k03,126.39,123.36,115.36,125.89,10.51,closeup,ok
m005,k04,172.01,162.86,154.86,168.86,13.98,closeup,ok
m005,k05,206.34,203.67,195.67,205.84,10.18,closeup,ok
m005,k06,254.52,250.02,242.02,254.02,11.98,closeup,ok
m005,k07,286.09,282.22,274.22,285.59,11.38,closeup,ok
m005,k08,333.83,325.32,317.32,331.32,13.98,closeup,ok
m006,k01,47.84,42.28,34.28,47.34,13.04,closeup,ok
m006,k02,95.20,76.00,68.00,82.00,14.00,closeup,ok
m006,k03,137.60,132.76,124.76,137.10,12.32,closeup,ok
m006,k04,174.72,171.92,163.92,174.22,10.28,closeup,ok
m006,k05,229.20,220.96,212.96,226.96,14.00,closeup,ok
m006,k06,266.80,263.36,255.36,266.30,10.92,closeup,ok
m006,k07,322.92,315.16,307.16,321.16,14.00,closeup,ok
m006,k08,355.08,,322.92,354.58,31.64,fallback,ok
m006,k09,401.24,391.04,383.04,397.04,14.00,closeup,ok
m007,k01,13.60,4.20,0.00,10.20,10.16,closeup,ok
m007,k02,51.88,47.36,39.36,51.38,12.00,closeup,ok
m007,k03,97.56,87.36,79.36,93.36,14.00,closeup,ok
m007,k04,131.08,126.60,118.60,130.58,11.96,closeup,ok
m007,k05,171.68,165.68,157.68,171.18,13.48,closeup,ok
m007,k06,216.72,206.76,198.76,212.76,14.00,closeup,ok
m007,k07,259.60,254.24,246.24,259.10,12.84,closeup,ok
m007,k08,309.36,301.12,293.12,307.12,14.00,closeup,ok
m007,k09,379.12,359.72,351.72,365.72,14.00,closeup,ok
m008,k01,17.48,9.08,1.08,15.08,14.00,closeup,ok
m008,k02,56.00,47.40,39.40,53.40,14.00,closeup,ok
m008,k03,97.36,84.76,76.76,90.76,14.00,closeup,ok
m008,k04,133.60,126.80,118.80,132.80,14.00,closeup,ok
m008,k05,165.40,,133.60,164.90,31.28,fallback,ok
m008,k06,207.12,198.24,190.24,204.24,14.00,closeup,ok
m008,k07,248.12,243.04,235.04,247.62,12.56,closeup,ok
m008,k08,290.32,283.76,275.76,289.76,14.00,closeup,ok
m008,k09,328.00,320.04,312.04,326.04,14.00,closeup,ok
m009,k01,3.68,3.40,0.00,3.18,3.16,closeup,ok
m009,k02,54.84,52.52,44.52,54.34,9.80,closeup,ok
m009,k03,94.88,90.00,82.00,94.38,12.36,closeup,ok
m009,k04,138.24,134.36,126.36,137.74,11.36,closeup,ok
m009,k05,185.44,178.36,170.36,184.36,14.00,closeup,ok
m009,k06,222.48,219.88,211.88,221.98,10.08,closeup,ok
m009,k07,273.32,271.08,263.08,272.82,9.72,closeup,ok
m009,k08,309.36,305.20,297.20,308.86,11.64,closeup,ok
m009,k09,353.48,346.48,338.48,352.48,14.00,closeup,ok
m010,k01,37.68,7.60,0.00,13.60,13.60,closeup,ok
m010,k02,82.76,73.72,65.72,79.72,14.00,closeup,ok
m010,k03,129.16,122.32,114.32,128.32,14.00,closeup,ok
m010,k04,174.80,,129.80,174.30,44.48,fallback,ok
m010,k05,218.52,215.04,207.04,218.02,10.96,closeup,ok
m010,k06,262.04,258.84,250.84,261.54,10.72,closeup,ok
m010,k07,307.16,297.68,289.68,303.68,14.00,closeup,ok
m010,k08,365.60,351.52,343.52,357.52,14.00,closeup,ok
m010,k09,422.24,409.96,401.96,415.96,14.00,closeup,ok
m010,k10,472.84,470.28,462.28,472.34,10.04,closeup,ok
m011,k01,15.56,13.28,5.28,15.06,9.80,closeup,ok
m011,k02,60.88,43.96,35.96,49.96,14.00,closeup,ok
m011,k03,96.56,93.00,85.00,96.06,11.04,closeup,ok
m011,k04,142.64,139.32,131.32,142.14,10.80,closeup,ok
m011,k05,180.72,,142.64,180.22,37.60,fallback,ok
m011,k06,219.40,216.44,208.44,218.90,10.44,closeup,ok
m011,k07,265.44,,220.44,264.94,44.48,fallback,ok
m011,k08,306.60,294.76,286.76,300.76,14.00,closeup,ok
m012,k01,40.96,26.64,18.64,32.64,14.00,closeup,ok
m012,k02,97.92,88.36,80.36,94.36,14.00,closeup,ok
m012,k03,140.16,138.40,130.40,139.66,9.24,closeup,ok
m012,k04,194.44,,149.44,193.94,44.48,fallback,ok
m012,k05,246.96,244.28,236.28,246.46,10.16,closeup,ok
m012,k06,289.96,282.20,274.20,288.20,14.00,closeup,ok
m012,k07,334.28,324.80,316.80,330.80,14.00,closeup,ok
m012,k08,395.12,362.52,354.52,368.52,14.00,closeup,ok
m012,k09,435.40,429.12,421.12,434.90,13.76,closeup,ok
m012,k10,497.08,488.80,480.80,494.80,14.00,closeup,ok
m013,k01,12.44,,0.00,11.94,11.92,fallback,ok
m013,k02,65.48,37.48,29.48,43.48,14.04,closeup,ok
m013,k03,116.28,99.84,91.84,105.84,14.00,closeup,ok
m013,k04,169.24,156.12,148.12,162.12,14.00,closeup,ok
m013,k05,221.68,213.88,205.88,219.88,14.00,closeup,ok
m013,k06,276.48,254.00,246.00,260.00,14.00,closeup,ok
m013,k07,341.68,338.76,330.76,341.18,10.40,closeup,ok
m014,k01,16.20,7.48,0.00,13.48,13.48,closeup,ok
m014,k02,54.76,51.92,43.92,54.26,10.32,closeup,ok
m014,k03,84.56,77.56,69.56,83.56,14.00,closeup,ok
m014,k04,124.24,120.32,112.32,123.74,11.40,closeup,ok
m014,k05,166.80,164.84,156.84,166.30,9.44,closeup,ok
m014,k06,204.80,189.12,181.12,195.12,14.00,closeup,ok
m014,k07,241.52,230.84,222.84,236.84,14.00,closeup,ok
m014,k08,280.16,271.64,263.64,277.64,14.00,closeup,ok
