event_id,match_id,contact_time_s,face_closeup_s,face_path,result,round_number,kick_order_in_round,sudden_death,team_score_before,opponent_score_before,kicks_taken_before,history_attempts,history_goals,history_missing,exclusion_reason
m001-k01,m001,28.56,8.48,data/faces/m001/k01.jpg,,,,,,,,,,,
m001-k02,m001,75.20,50.28,data/faces/m001/k02.jpg,,,,,,,,,,,
m001-k03,m001,112.36,106.84,data/faces/m001/k03.jpg,,,,,,,,,,,
m001-k04,m001,152.48,,,,,,,,,,,,,no_face
m001-k05,m001,211.36,182.04,data/faces/m001/k05.jpg,,,,,,,,,,,
m001-k06,m001,255.88,247.68,data/faces/m001/k06.jpg,,,,,,,,,,,
m001-k07,m001,306.04,298.28,data/faces/m001/k07.jpg,,,,,,,,,,,
m001-k08,m001,351.80,345.92,data/faces/m001/k08.jpg,,,,,,,,,,,
m002-k01,m002,15.84,12.28,data/faces/m002/k01.jpg,,,,,,,,,,,
m002-k02,m002,60.32,49.52,data/faces/m002/k02.jpg,,,,,,,,,,,
m002-k03,m002,111.32,106.48,data/faces/m002/k03.jpg,,,,,,,,,,,
m002-k04,m002,150.16,145.52,data/faces/m002/k04.jpg,,,,,,,,,,,
m002-k05,m002,198.72,188.20,data/faces/m002/k05.jpg,,,,,,,,,,,
m002-k06,m002,242.04,233.00,data/faces/m002/k06.jpg,,,,,,,,,,,
m002-k07,m002,286.72,276.88,data/faces/m002/k07.jpg,,,,,,,,,,,
m002-k08,m002,334.56,321.84,data/faces/m002/k08.jpg,,,,,,,,,,,
m003-k01,m003,54.60,40.92,data/faces/m003/k01.jpg,,,,,,,,,,,
m003-k02,m003,98.24,90.68,data/faces/m003/k02.jpg,,,,,,,,,,,
m003-k03,m003,142.20,133.96,data/faces/m003/k03.jpg,,,,,,,,,,,
m003-k04,m003,182.80,165.12,data/faces/m003/k04.jpg,,,,,,,,,,,
m003-k05,m003,224.60,212.88,data/faces/m003/k05.jpg,,,,,,,,,,,
m003-k06,m003,267.20,258.40,data/faces/m003/k06.jpg,,,,,,,,,,,
m003-k07,m003,316.24,303.24,data/faces/m003/k07.jpg,,,,,,,,,,,
m003-k08,m003,361.40,353.64,data/faces/m003/k08.jpg,,,,,,,,,,,
m003-k09,m003,406.32,392.92,data/faces/m003/k09.jpg,,,,,,,,,,,
m003-k10,m003,453.68,438.16,data/faces/m003/k10.jpg,,,,,,,,,,,
m004-k01,m004,56.12,45.80,data/faces/m004/k01.jpg,,,,,,,,,,,
m004-k02,m004,105.80,81.36,data/faces/m004/k02.jpg,,,,,,,,,,,
m004-k03,m004,161.08,148.84,data/faces/m004/k03.jpg,,,,,,,,,,,
m004-k04,m004,205.00,184.16,data/faces/m004/k04.jpg,,,,,,,,,,,
m004-k05,m004,258.32,243.84,data/faces/m004/k05.jpg,,,,,,,,,,,
m004-k06,m004,305.28,301.28,data/faces/m004/k06.jpg,,,,,,,,,,,
m004-k07,m004,355.84,347.16,data/faces/m004/k07.jpg,,,,,,,,,,,
m004-k08,m004,424.36,414.24,data/faces/m004/k08.jpg,,,,,,,,,,,
m004-k09,m004,476.40,452.84,data/faces/m004/k09.jpg,,,,,,,,,,,
m004-k10,m004,533.52,516.12,data/faces/m004/k10.jpg,,,,,,,,,,,
m005-k01,m005,35.97,32.23,data/faces/m005/k01.jpg,,,,,,,,,,,
m005-k02,m005,92.26,86.15,data/faces/m005/k02.jpg,,,,,,,,,,,
m005-k03,m005,126.39,123.36,data/faces/m005/k03.jpg,,,,,,,,,,,
m005-k04,m005,172.01,162.86,data/faces/m005/k04.jpg,,,,,,,,,,,
m005-k05,m005,206.34,203.67,data/faces/m005/k05.jpg,,,,,,,,,,,
m005-k06,m005,254.52,250.02,data/faces/m005/k06.jpg,,,,,,,,,,,
m005-k07,m005,286.09,282.22,data/faces/m005/k07.jpg,,,,,,,,,,,
m005-k08,m005,333.83,325.32,data/faces/m005/k08.jpg,,,,,,,,,,,
m006-k01,m006,47.84,42.28,data/faces/m006/k01.jpg,,,,,,,,,,,
m006-k02,m006,95.20,76.00,data/faces/m006/k02.jpg,,,,,,,,,,,
m006-k03,m006,137.60,132.76,data/faces/m006/k03.jpg,,,,,,,,,,,
m006-k04,m006,174.72,171.92,data/faces/m006/k04.jpg,,,,,,,,,,,
m006-k05,m006,229.20,220.96,data/faces/m006/k05.jpg,,,,,,,,,,,
m006-k06,m006,266.80,263.36,data/faces/m006/k06.jpg,,,,,,,,,,,
m006-k07,m006,322.92,315.16,data/faces/m006/k07.jpg,,,,,,,,,,,
m006-k08,m006,355.08,,,,,,,,,,,,,no_face
m006-k09,m006,401.24,391.04,data/faces/m006/k09.jpg,,,,,,,,,,,
m007-k01,m007,13.60,4.20,data/faces/m007/k01.jpg,,,,,,,,,,,
m007-k02,m007,51.88,47.36,data/faces/m007/k02.jpg,,,,,,,,,,,
m007-k03,m007,97.56,87.36,data/faces/m007/k03.jpg,,,,,,,,,,,
m007-k04,m007,131.08,126.60,data/faces/m007/k04.jpg,,,,,,,,,,,
m007-k05,m007,171.68,165.68,data/faces/m007/k05.jpg,,,,,,,,,,,
m007-k06,m007,216.72,206.76,data/faces/m007/k06.jpg,,,,,,,,,,,
m007-k07,m007,259.60,254.24,data/faces/m007/k07.jpg,,,,,,,,,,,
m007-k08,m007,309.36,301.12,data/faces/m007/k08.jpg,,,,,,,,,,,
m007-k09,m007,379.12,359.72,data/faces/m007/k09.jpg,,,,,,,,,,,
m008-k01,m008,17.48,9.08,data/faces/m008/k01.jpg,,,,,,,,,,,
m008-k02,m008,56.00,47.40,data/faces/m008/k02.jpg,,,,,,,,,,,
m008-k03,m008,97.36,84.76,data/faces/m008/k03.jpg,,,,,,,,,,,
m008-k04,m008,133.60,126.80,data/faces/m008/k04.jpg,,,,,,,,,,,
m008-k05,m008,165.40,,,,,,,,,,,,,no_face
m008-k06,m008,207.12,198.24,data/faces/m008/k06.jpg,,,,,,,,,,,
m008-k07,m008,248.12,243.04,data/faces/m008/k07.jpg,,,,,,,,,,,
m008-k08,m008,290.32,283.76,data/faces/m008/k08.jpg,,,,,,,,,,,
m008-k09,m008,328.00,320.04,data/faces/m008/k09.jpg,,,,,,,,,,,
m009-k01,m009,3.68,3.40,data/faces/m009/k01.jpg,,,,,,,,,,,
m009-k02,m009,54.84,52.52,data/faces/m009/k02.jpg,,,,,,,,,,,
m009-k03,m009,94.88,90.00,data/faces/m009/k03.jpg,,,,,,,,,,,
m009-k04,m009,138.24,134.36,data/faces/m009/k04.jpg,,,,,,,,,,,
m009-k05,m009,185.44,178.36,data/faces/m009/k05.jpg,,,,,,,,,,,
m009-k06,m009,222.48,219.88,data/faces/m009/k06.jpg,,,,,,,,,,,
m009-k07,m009,273.32,271.08,data/faces/m009/k07.jpg,,,,,,,,,,,
m009-k08,m009,309.36,305.20,data/faces/m009/k08.jpg,,,,,,,,,,,
m009-k09,m009,353.48,346.48,data/faces/m009/k09.jpg,,,,,,,,,,,
m010-k01,m010,37.68,7.60,data/faces/m010/k01.jpg,,,,,,,,,,,
m010-k02,m010,82.76,73.72,,,,,,,,,,,,no_face
m010-k03,m010,129.16,122.32,data/faces/m010/k03.jpg,,,,,,,,,,,
m010-k04,m010,174.80,,,,,,,,,,,,,no_face
m010-k05,m010,218.52,215.04,data/faces/m010/k05.jpg,,,,,,,,,,,
m010-k06,m010,262.04,258.84,data/faces/m010/k06.jpg,,,,,,,,,,,
m010-k07,m010,307.16,297.68,data/faces/m010/k07.jpg,,,,,,,,,,,
m010-k08,m010,365.60,351.52,data/faces/m010/k08.jpg,,,,,,,,,,,
m010-k09,m010,422.24,409.96,data/faces/m010/k09.jpg,,,,,,,,,,,
m010-k10,m010,472.84,470.28,data/faces/m010/k10.jpg,,,,,,,,,,,
m011-k01,m011,15.56,13.28,data/faces/m011/k01.jpg,,,,,,,,,,,
m011-k02,m011,60.88,43.96,data/faces/m011/k02.jpg,,,,,,,,,,,
m011-k03,m011,96.56,93.00,data/faces/m011/k03.jpg,,,,,,,,,,,
m011-k04,m011,142.64,139.32,data/faces/m011/k04.jpg,,,,,,,,,,,
m011-k05,m011,180.72,,,,,,,,,,,,,no_face
m011-k06,m011,219.40,216.44,data/faces/m011/k06.jpg,,,,,,,,,,,
m011-k07,m011,265.44,,,,,,,,,,,,,no_face
m011-k08,m011,306.60,294.76,data/faces/m011/k08.jpg,,,,,,,,,,,
m012-k01,m012,40.96,26.64,data/faces/m012/k01.jpg,,,,,,,,,,,
m012-k02,m012,97.92,88.36,data/faces/m012/k02.jpg,,,,,,,,,,,
m012-k03,m012,140.16,138.40,data/faces/m012/k03.jpg,,,,,,,,,,,
m012-k04,m012,194.44,,,,,,,,,,,,,no_face
m012-k05,m012,246.96,244.28,data/faces/m012/k05.jpg,,,,,,,,,,,
m012-k06,m012,289.96,282.20,data/faces/m012/k06.jpg,,,,,,,,,,,
m012-k07,m012,334.28,324.80,data/faces/m012/k07.jpg,,,,,,,,,,,
m012-k08,m012,395.12,362.52,data/faces/m012/k08.jpg,,,,,,,,,,,
m012-k09,m012,435.40,429.12,data/faces/m012/k09.jpg,,,,,,,,,,,
m012-k10,m012,497.08,488.80,data/faces/m012/k10.jpg,,,,,,,,,,,
m013-k01,m013,12.44,,,,,,,,,,,,,no_face
m013-k02,m013,65.48,37.48,data/faces/m013/k02.jpg,,,,,,,,,,,
m013-k03,m013,116.28,99.84,data/faces/m013/k03.jpg,,,,,,,,,,,
m013-k04,m013,169.24,156.12,data/faces/m013/k04.jpg,,,,,,,,,,,
m013-k05,m013,221.68,213.88,data/faces/m013/k05.jpg,,,,,,,,,,,
m013-k06,m013,276.48,254.00,data/faces/m013/k06.jpg,,,,,,,,,,,
m013-k07,m013,341.68,338.76,data/faces/m013/k07.jpg,,,,,,,,,,,
m014-k01,m014,16.20,7.48,data/faces/m014/k01.jpg,,,,,,,,,,,
m014-k02,m014,54.76,51.92,data/faces/m014/k02.jpg,,,,,,,,,,,
m014-k03,m014,84.56,77.56,data/faces/m014/k03.jpg,,,,,,,,,,,
m014-k04,m014,124.24,120.32,data/faces/m014/k04.jpg,,,,,,,,,,,
m014-k05,m014,166.80,164.84,data/faces/m014/k05.jpg,,,,,,,,,,,
m014-k06,m014,204.80,189.12,data/faces/m014/k06.jpg,,,,,,,,,,,
m014-k07,m014,241.52,230.84,data/faces/m014/k07.jpg,,,,,,,,,,,
m014-k08,m014,280.16,271.64,data/faces/m014/k08.jpg,,,,,,,,,,,
