match_id,kick_seq,frame_time_s,face_w_px,conf,crop_path
m001,k01,23.44,208,0.95,data/faces/m001/k01.jpg
m001,k02,55.72,196,0.92,data/faces/m001/k02.jpg
m001,k03,108.00,0,,data/faces/m001/k03_FULLFRAME.jpg
m001,k05,182.24,246,0.91,data/faces/m001/k05.jpg
m001,k06,246.60,201,0.91,data/faces/m001/k06.jpg
m001,k07,298.96,168,0.92,data/faces/m001/k07.jpg
m001,k08,347.72,0,,data/faces/m001/k08_FULLFRAME.jpg
m002,k05,195.12,212,0.93,data/faces/m002/k05.jpg
m002,k07,276.84,103,0.92,data/faces/m002/k07.jpg
m002,k08,322.12,107,0.92,data/faces/m002/k08.jpg
m003,k04,165.08,157,0.92,data/faces/m003/k04.jpg
m004,k01,40.92,21,0.89,data/faces/m004/k01.jpg
m004,k02,81.12,23,0.87,data/faces/m004/k02.jpg
m004,k03,149.64,20,0.90,data/faces/m004/k03.jpg
m004,k04,183.76,38,0.92,data/faces/m004/k04.jpg
m004,k05,247.16,21,0.90,data/faces/m004/k05.jpg
m004,k06,303.56,0,,data/faces/m004/k06_FULLFRAME.jpg
m004,k08,389.20,83,0.92,data/faces/m004/k08.jpg
m004,k09,461.92,116,0.94,data/faces/m004/k09.jpg
m004,k10,520.64,120,0.60,data/faces/m004/k10.jpg
m005,k04,155.22,0,,data/faces/m005/k04_FULLFRAME.jpg
m005,k04,163.20,92,0.93,data/faces/m005/k04.jpg
m006,k02,75.44,133,0.90,data/faces/m006/k02.jpg
m006,k09,390.60,113,0.93,data/faces/m006/k09.jpg
m007,k01,3.48,113,0.94,data/faces/m007/k01.jpg
m007,k02,48.64,88,0.89,data/faces/m007/k02.jpg
m007,k03,88.28,76,0.89,data/faces/m007/k03.jpg
m007,k04,121.48,90,0.88,data/faces/m007/k04.jpg
m007,k05,166.36,106,0.92,data/faces/m007/k05.jpg
m007,k06,200.16,121,0.90,data/faces/m007/k06.jpg
m007,k07,254.92,83,0.92,data/faces/m007/k07.jpg
m007,k08,300.68,102,0.90,data/faces/m007/k08.jpg
m007,k09,370.20,81,0.89,data/faces/m007/k09.jpg
m007,k09,368.88,99,0.93,data/faces/m007/k09.jpg
m008,k01,7.88,148,0.95,data/faces/m008/k01.jpg
m008,k02,47.36,109,0.94,data/faces/m008/k02.jpg
m008,k03,84.32,62,0.94,data/faces/m008/k03.jpg
m008,k04,126.60,104,0.92,data/faces/m008/k04.jpg
m008,k06,199.56,126,0.93,data/faces/m008/k06.jpg
m008,k07,243.36,127,0.94,data/faces/m008/k07.jpg
m008,k08,282.52,86,0.91,data/faces/m008/k08.jpg
m008,k09,321.64,118,0.94,data/faces/m008/k09.jpg
m009,k02,41.00,140,0.93,data/faces/m009/k02.jpg
m009,k03,91.16,153,0.94,data/faces/m009/k03.jpg
m009,k04,134.72,95,0.93,data/faces/m009/k04.jpg
m009,k05,176.60,93,0.94,data/faces/m009/k05.jpg
m009,k06,220.92,145,0.93,data/faces/m009/k06.jpg
m009,k07,255.48,97,0.94,data/faces/m009/k07.jpg
m009,k08,306.32,33,0.91,data/faces/m009/k08.jpg
m009,k09,335.20,91,0.91,data/faces/m009/k09.jpg
m009,k08,305.00,127,0.93,data/faces/m009/k08.jpg
m010,k01,34.68,104,0.94,data/faces/m010/k01.jpg
m010,k03,121.44,51,0.93,data/faces/m010/k03.jpg
m010,k05,215.36,136,0.94,data/faces/m010/k05.jpg
m010,k06,259.44,66,0.86,data/faces/m010/k06.jpg
m010,k07,297.32,44,0.91,data/faces/m010/k07.jpg
m010,k08,362.52,187,0.95,data/faces/m010/k08.jpg
m010,k09,410.40,159,0.94,data/faces/m010/k09.jpg
m010,k10,470.84,178,0.95,data/faces/m010/k10.jpg
m011,k02,44.52,99,0.94,data/faces/m011/k02.jpg
m011,k04,121.60,126,0.93,data/faces/m011/k04.jpg
m011,k06,216.16,121,0.95,data/faces/m011/k06.jpg
m011,k08,293.56,120,0.93,data/faces/m011/k08.jpg
m012,k03,134.20,135,0.92,data/faces/m012/k03.jpg
m013,k02,52.84,117,0.94,data/faces/m013/k02.jpg
m013,k03,108.20,109,0.93,data/faces/m013/k03.jpg
m013,k04,153.24,101,0.94,data/faces/m013/k04.jpg
m013,k05,214.56,133,0.93,data/faces/m013/k05.jpg
m013,k06,252.96,89,0.92,data/faces/m013/k06.jpg
m013,k06,265.08,207,0.93,data/faces/m013/k06.jpg
m013,k07,337.84,199,0.95,data/faces/m013/k07.jpg
m014,k05,146.28,90,0.88,data/faces/m014/k05.jpg
m014,k06,190.60,130,0.90,data/faces/m014/k06.jpg
m014,k07,237.68,75,0.92,data/faces/m014/k07.jpg
