match_id,match_date,competition,home_team,away_team,video_source,video_quality,n_raw_penalties,n_valid_faces,processing_time_min,notes
m001,2022-12-18,World Cup,Argentina,France,YouTube,360p,8,6,3,
m002,2022-12-09,World Cup,Brazil,Croatia,YouTube,360p,8,8,3,
m003,2018-07-03,World Cup,Colombia,England,YouTube,360p,10,10,4,
m004,2018-07-01,World Cup,Croatia,Denmark,YouTube,360p,10,,3,
m005,2014-07-09,World Cup,Netherlands,Argentina,YouTube,360p,8,,3,
m006,2014-07-05,World Cup,Netherlands,Costa Rica,YouTube,360p,9,,3,
m007,2010-07-03,World Cup,Uruguay,Ghana,YouTube,360p,9,,3,
m008,2006-07-10,World Cup,Italy,France,YouTube,360p,9,,3,
m009,2010-06-29,World Cup,Paraguay,Japan,YouTube,360p,9,,3,
m010,2014-06-29,World Cup,Brazil,Chile,YouTube,360p,10,,3,
m011,2006-06-30,World Cup,Germany,Argentina,YouTube,360p,8,,3,
m012,2022-12-10,World Cup,Netherlands,Argentina,YouTube,360p,10,,3,
m013,2022-12-06,World Cup,Morocco,Spain,YouTube,360p,7,,3,
m014,2022-12-05,World Cup,Japan,Croatia,YouTube,360p,8,,3,